CustomerSegment,Customers,AverageCLTV,AverageRevenue,AverageOrders
Low Value,1446,848.7451711603127,275.7923928077455,1.4121715076071923
Medium Value,1446,4063.653947379937,865.0722572614108,3.147994467496542
High Value,1446,21147.934105341796,5005.19959197787,8.255878284923929
